ubicageo_c,ahirregu_a,rensnn1,rensnn2
01001,1,1,1
01002,1,1,2
01003,1,1,1
01004,1,1,1
01005,1,1,1
01006,1,1,2
01007,1,1,1
01008,1,1,1
01009,1,1,2
01010,1,1,1
01011,1,1,1
02001,1,1,1
02002,1,2,0
02003,1,1,2
02004,1,1,1
02005,1,1,1
03001,1,1,2
03002,1,2,0
03003,1,1,9
03008,1,1,2
03009,1,1,2
04001,1,1,1
04002,1,1,1
04003,1,2,0
04004,1,1,1
04005,1,2,0
04006,1,2,0
04007,1,1,2
04008,1,2,0
04009,1,1,1
04010,1,2,0
04011,1,1,1
05001,1,2,0
05002,1,2,0
05003,1,1,2
05004,1,1,1
05005,1,1,2
05006,1,1,1
05007,1,1,2
05008,1,2,0
05009,1,2,0
05010,1,1,2
05011,1,1,1
05012,1,2,0
05013,1,1,1
05014,1,2,0
05015,1,1,2
05016,1,2,0
05017,1,1,2
05018,1,2,0
05019,1,1,2
05020,1,2,0
05021,1,2,0
05022,1,1,2
05023,1,2,0
05024,1,1,2
05025,1,1,2
05026,1,2,0
05027,1,1,1
05028,1,1,2
05029,1,2,0
05030,1,1,1
05031,1,1,1
05032,1,1,2
05033,1,1,1
05034,1,2,0
05035,1,2,0
05036,1,2,0
05037,1,1,2
05038,1,1,1
06001,1,2,0
06002,1,1,2
06003,1,1,9
06004,1,1,2
06005,1,2,0
06006,1,1,1
06007,1,1,1
06008,1,1,2
06009,1,1,1
06010,1,1,2
07001,1,2,0
07002,1,2,0
07003,1,2,0
07004,1,2,0
07005,1,2,0
07006,1,2,0
07007,1,2,0
07008,1,2,0
07009,1,2,0
07010,1,2,0
07011,1,2,0
07012,1,2,0
07013,1,1,1
07014,1,1,2
07015,1,2,0
07016,1,2,0
07017,1,1,2
07018,1,2,0
07019,1,1,1
07020,1,1,1
07021,1,2,0
07022,1,2,0
07023,1,1,2
07024,1,2,0
07025,1,2,0
07026,1,2,0
07027,1,2,0
07028,1,2,0
07029,1,2,0
07030,1,2,0
07031,1,2,0
07032,1,2,0
07033,1,2,0
07034,1,2,0
07035,1,2,0
07036,1,2,0
07037,1,2,0
07038,1,2,0
07039,1,2,0
07040,1,1,2
07041,1,2,0
07042,1,1,2
07043,1,2,0
07044,1,2,0
07045,1,2,0
07046,1,2,0
07047,1,2,0
07048,1,2,0
07049,1,1,2
07050,1,2,0
07051,1,2,0
07052,1,2,0
07053,1,2,0
07054,1,2,0
07055,1,2,0
07056,1,2,0
07057,1,2,0
07058,1,2,0
07059,1,1,2
07060,1,2,0
07061,1,2,0
07062,1,2,0
07063,1,2,0
07064,1,2,0
07065,1,1,2
07066,1,2,0
07067,1,1,2
07068,1,1,1
07069,1,1,1
07070,1,2,0
07071,1,2,0
07072,1,2,0
07073,1,2,0
07074,1,1,1
07075,1,2,0
07076,1,1,2
07077,1,1,2
07078,1,1,2
07079,1,2,0
07080,1,2,0
07081,1,2,0
07082,1,2,0
07083,1,1,2
07084,1,2,0
07085,1,2,0
07086,1,2,0
07087,1,2,0
07088,1,2,0
07089,1,1,1
07090,1,2,0
07091,1,2,0
07092,1,1,1
07093,1,2,0
07094,1,2,0
07096,1,2,0
07097,1,1,1
07098,1,2,0
07099,1,2,0
07100,1,1,2
07101,1,1,1
07102,1,2,0
07103,1,2,0
07104,1,2,0
07105,1,2,0
07106,1,1,2
07107,1,2,0
07108,1,1,2
07109,1,2,0
07110,1,2,0
07111,1,1,2
07112,1,2,0
07113,1,2,0
07114,1,2,0
07115,1,2,0
07116,1,2,0
07117,1,2,0
07118,1,2,0
07119,1,2,0
07120,1,2,0
07121,1,2,0
07122,1,2,0
07123,1,2,0
07124,1,1,1
07125,1,2,0
08001,1,2,0
08002,1,1,1
08003,1,2,0
08004,1,1,2
08005,1,1,2
08006,1,2,0
08007,1,1,2
08008,1,2,0
08009,1,2,0
08010,1,1,2
08011,1,1,1
08012,1,2,0
08013,1,1,2
08014,1,1,2
08015,1,2,0
08016,1,2,0
08017,1,1,2
08018,1,1,2
08019,1,1,1
08020,1,1,2
08021,1,1,1
08022,1,2,0
08023,1,1,2
08024,1,1,2
08025,1,1,2
08026,1,1,2
08027,1,2,0
08028,1,1,2
08029,1,1,2
08030,1,1,2
08031,1,1,2
08032,1,1,2
08033,1,2,0
08034,1,1,2
08035,1,1,2
08036,1,2,0
08037,1,1,2
08038,1,2,0
08039,1,2,0
08040,1,1,2
08041,1,2,0
08042,1,2,0
08043,1,1,2
08044,1,2,0
08045,1,1,2
08046,1,2,0
08047,1,2,0
08048,1,2,0
08049,1,1,2
08050,1,1,2
08051,1,2,0
08052,1,1,2
08053,1,2,0
08054,1,1,2
08055,1,1,2
08056,1,2,0
08057,1,2,0
08058,1,2,0
08059,1,2,0
08060,1,1,2
08061,1,2,0
08062,1,1,2
08063,1,2,0
08064,1,2,0
08065,1,1,2
08066,1,2,0
08067,1,2,0
09002,1,1,2
09003,1,9,97
09004,1,1,1
09005,1,1,1
09006,1,2,0
09007,1,1,2
09008,1,1,1
09009,1,1,1
09010,1,1,1
09011,1,1,1
09012,1,1,1
09013,1,1,1
09014,1,2,0
09015,1,2,0
09016,1,1,2
09017,1,2,0
10001,1,1,1
10002,1,2,0
10003,1,2,0
10004,1,1,2
10005,1,1,1
10006,1,2,0
10007,1,2,0
10008,1,1,2
10009,1,2,0
10010,1,1,2
10011,1,2,0
10012,1,9,97
10013,1,1,1
10014,1,1,2
10015,1,2,0
10016,1,1,2
10017,1,2,0
10018,1,1,2
10019,1,2,0
10020,1,2,0
10021,1,1,2
10022,1,1,2
10023,1,1,2
10024,1,1,2
10025,1,2,0
10026,1,1,2
10027,1,2,0
10028,1,1,1
10029,1,2,0
10030,1,2,0
10031,1,2,0
10032,1,1,2
10033,1,2,0
10034,1,2,0
10035,1,2,0
10036,1,2,0
10037,1,1,2
10038,1,1,2
10039,1,1,1
11001,1,1,1
11002,1,1,1
11003,1,1,1
11004,1,2,0
11005,1,1,2
11006,1,2,0
11007,1,1,1
11008,1,1,2
11009,1,1,1
11010,1,2,0
11011,1,1,1
11012,1,2,0
11013,1,1,2
11014,1,1,1
11015,1,1,1
11016,1,2,0
11017,1,1,1
11018,1,1,1
11019,1,2,0
11020,1,1,1
11021,1,1,1
11022,1,1,1
11023,1,1,1
11024,1,2,0
11025,1,1,1
11026,1,1,1
11027,1,1,1
11028,1,1,1
11029,1,1,1
11030,1,1,1
11031,1,1,1
11032,1,1,2
11033,1,1,2
11034,1,1,2
11035,1,1,1
11036,1,2,0
11037,1,1,2
11038,1,1,1
11039,1,2,0
11040,1,2,0
11041,1,1,1
11042,1,2,0
11043,1,2,0
11044,1,1,1
11045,1,2,0
11046,1,2,0
12001,1,1,1
12002,1,2,0
12003,1,2,0
12004,1,1,2
12005,1,2,0
12006,1,2,0
12007,1,2,0
12008,1,1,2
12009,1,2,0
12010,1,2,0
12011,1,1,1
12012,1,1,1
12013,1,1,2
12014,1,1,2
12015,1,1,2
12016,1,1,2
12017,1,2,0
12018,1,1,2
12019,1,2,0
12020,1,2,0
12021,1,1,1
12022,1,1,2
12023,1,1,1
12024,1,1,2
12025,1,2,0
12026,1,1,2
12027,1,2,0
12028,1,1,2
12029,1,1,1
12030,1,1,2
12031,1,2,0
12032,1,1,2
12033,1,2,0
12034,1,2,0
12035,1,1,2
12036,1,2,0
12037,1,2,0
12038,1,1,1
12039,1,2,0
12040,1,1,1
12041,1,2,0
12042,1,1,2
12043,1,2,0
12044,1,2,0
12045,1,2,0
12046,1,1,1
12047,1,2,0
12048,1,1,2
12049,1,2,0
12050,1,1,2
12051,1,1,1
12052,1,2,0
12053,1,2,0
12054,1,2,0
12055,1,1,2
12056,1,1,2
12057,1,2,0
12058,1,1,2
12059,1,1,2
12060,1,2,0
12061,1,2,0
12062,1,1,2
12063,1,2,0
12064,1,2,0
12065,1,2,0
12066,1,1,1
12067,1,1,2
12068,1,2,0
12069,1,2,0
12070,1,2,0
12071,1,1,2
12072,1,2,0
12073,1,2,0
12074,1,2,0
12075,1,1,2
12076,1,2,0
12077,1,2,0
12078,1,2,0
12079,1,2,0
12080,1,2,0
12081,1,2,0
13001,1,2,0
13002,1,2,0
13003,1,2,0
13004,1,9,97
13005,1,9,97
13006,1,2,0
13007,1,1,2
13008,1,2,0
13009,1,2,0
13010,1,9,97
13011,1,2,0
13012,1,9,97
13013,1,2,0
13014,1,2,0
13015,1,2,0
13016,1,1,2
13017,1,2,0
13018,1,9,97
13019,1,1,2
13020,1,2,0
13021,1,1,2
13022,1,1,9
13023,1,2,0
13024,1,9,97
13025,1,2,0
13026,1,2,0
13027,1,1,2
13028,1,2,0
13029,1,2,0
13030,1,2,0
13031,1,2,0
13032,1,2,0
13033,1,2,0
13034,1,2,0
13035,1,9,97
13036,1,2,0
13037,1,2,0
13038,1,9,97
13039,1,9,97
13040,1,9,97
13041,1,9,97
13042,1,2,0
13043,1,2,0
13044,1,2,0
13045,1,2,0
13046,1,2,0
13047,1,2,0
13048,1,2,0
13049,1,9,97
13050,1,2,0
13051,1,1,2
13052,1,1,2
13053,1,2,0
13054,1,2,0
13055,1,2,0
13056,1,1,2
13057,1,2,0
13058,1,9,97
13059,1,2,0
13060,1,9,97
13061,1,1,2
13062,1,2,0
13063,1,1,1
13064,1,1,2
13065,1,1,2
13066,1,1,1
13067,1,2,0
13068,1,2,0
13069,1,1,1
13070,1,9,97
13071,1,2,0
13072,1,1,2
13073,1,2,0
13074,1,9,97
13075,1,2,0
13076,1,1,2
13077,1,1,1
13078,1,2,0
13079,1,2,0
13080,1,2,0
13081,1,2,0
13082,1,2,0
13083,1,2,0
13084,1,1,2
14001,1,1,2
14002,1,1,2
14003,1,1,1
14004,1,2,0
14005,1,1,1
14006,1,1,1
14007,1,1,1
14008,1,1,1
14009,1,2,0
14010,1,1,1
14011,1,1,1
14012,1,1,2
14013,1,1,1
14014,1,1,2
14015,1,1,1
14016,1,1,1
14017,1,1,1
14018,1,1,1
14019,1,1,2
14020,1,1,2
14021,1,1,1
14022,1,1,1
14023,1,1,2
14024,1,1,1
14025,1,1,1
14026,1,1,2
14027,1,1,1
14028,1,2,0
14029,1,1,2
14030,1,1,2
14031,1,1,1
14032,1,1,1
14033,1,1,2
14034,1,1,1
14035,1,1,1
14036,1,2,0
14037,1,1,1
14038,1,1,2
14039,1,1,1
14040,1,1,2
14041,1,1,1
14042,1,1,2
14043,1,1,2
14044,1,1,2
14045,1,1,1
14046,1,1,1
14047,1,1,1
14048,1,1,2
14049,1,1,2
14050,1,1,1
14051,1,1,2
14052,1,1,1
14053,1,1,1
14054,1,1,2
14055,1,2,0
14056,1,2,0
14057,1,2,0
14058,1,2,0
14059,1,1,2
14060,1,1,2
14061,1,1,2
14062,1,1,2
14063,1,1,1
14064,1,1,2
14065,1,1,1
14066,1,1,1
14067,1,1,1
14068,1,1,2
14069,1,1,1
14070,1,1,2
14071,1,1,1
14072,1,1,2
14073,1,1,1
14074,1,1,2
14075,1,2,0
14076,1,1,1
14077,1,2,0
14078,1,1,1
14079,1,1,2
14080,1,1,2
14081,1,1,1
14082,1,1,1
14083,1,1,2
14084,1,1,1
14085,1,1,2
14086,1,1,2
14087,1,1,1
14088,1,1,2
14089,1,1,2
14090,1,1,2
14091,1,1,2
14092,1,1,2
14093,1,1,2
14094,1,1,1
14095,1,1,1
14096,1,1,2
14097,1,1,1
14098,1,1,1
14099,1,1,2
14100,1,1,2
14101,1,1,1
14102,1,1,2
14103,1,1,1
14104,1,1,2
14105,1,1,2
14106,1,1,2
14107,1,1,2
14108,1,1,1
14109,1,1,2
14110,1,1,2
14111,1,1,2
14112,1,1,2
14113,1,1,2
14114,1,1,2
14115,1,2,0
14116,1,1,1
14117,1,1,2
14118,1,1,2
14119,1,1,2
14120,1,1,1
14121,1,1,1
14122,1,1,2
14123,1,1,1
14124,1,1,2
14125,1,1,2
15001,1,1,2
15002,1,1,2
15003,1,2,0
15004,1,2,0
15005,1,1,2
15006,1,2,0
15007,1,1,1
15008,1,2,0
15009,1,2,0
15010,1,1,2
15011,1,2,0
15012,1,1,1
15013,1,1,1
15014,1,1,2
15015,1,1,2
15016,1,1,1
15017,1,2,0
15018,1,1,2
15019,1,2,0
15020,1,1,1
15021,1,1,1
15022,1,1,2
15023,1,1,2
15024,1,1,1
15025,1,1,2
15026,1,2,0
15027,1,1,1
15028,1,1,1
15029,1,1,2
15030,1,1,2
15031,1,1,1
15032,1,1,1
15033,1,2,0
15034,1,1,2
15035,1,1,1
15036,1,1,1
15037,1,1,1
15038,1,2,0
15039,1,1,1
15040,1,1,2
15041,1,1,2
15042,1,1,2
15043,1,1,2
15044,1,2,0
15045,1,1,2
15046,1,1,9
15047,1,2,0
15048,1,1,2
15049,1,1,1
15050,1,1,2
15051,1,2,0
15052,1,2,0
15053,1,2,0
15054,1,1,2
15055,1,1,2
15056,1,2,0
15057,1,1,1
15058,1,1,1
15059,1,1,2
15060,1,2,0
15061,1,2,0
15062,1,1,2
15063,1,9,97
15064,1,9,97
15065,1,1,2
15066,1,9,97
15067,1,1,9
15068,1,1,2
15069,1,2,0
15070,1,1,1
15071,1,2,0
15072,1,1,2
15073,1,1,1
15074,1,1,2
15075,1,2,0
15076,1,1,2
15077,1,2,0
15078,1,1,1
15079,1,2,0
15080,1,9,97
15081,1,1,1
15082,1,9,97
15083,1,2,0
15084,1,1,2
15085,1,1,9
15086,1,1,2
15087,1,1,1
15088,1,1,1
15089,1,1,1
15090,1,1,2
15091,1,2,0
15092,1,1,2
15093,1,1,1
15094,1,1,2
15095,1,1,2
15096,1,2,0
15097,1,2,0
15098,1,2,0
15099,1,1,1
15100,1,2,0
15101,1,1,2
15102,1,1,1
15103,1,1,1
15104,1,1,2
15105,1,2,0
15106,1,2,0
15107,1,1,2
15108,1,1,2
15109,1,1,1
15110,1,1,2
15111,1,1,1
15112,1,2,0
15113,1,1,1
15114,1,1,1
15115,1,1,9
15116,1,1,2
15117,1,2,0
15118,1,2,0
15119,1,2,0
15120,1,1,1
15121,1,1,1
15122,1,1,1
15123,1,2,0
15124,1,1,1
15125,1,1,1
16001,1,2,0
16002,1,2,0
16003,1,2,0
16004,1,1,2
16005,1,2,0
16006,1,2,0
16007,1,2,0
16008,1,1,1
16009,1,2,0
16010,1,1,1
16011,1,2,0
16012,1,1,1
16013,1,2,0
16014,1,1,2
16015,1,2,0
16016,1,1,2
16017,1,1,2
16018,1,1,1
16019,1,1,1
16020,1,1,2
16021,1,1,2
16022,1,1,2
16023,1,1,2
16024,1,2,0
16025,1,2,0
16026,1,2,0
16027,1,2,0
16028,1,2,0
16029,1,1,1
16030,1,2,0
16031,1,2,0
16032,1,2,0
16033,1,2,0
16034,1,1,2
16035,1,2,0
16036,1,2,0
16037,1,2,0
16038,1,2,0
16039,1,2,0
16040,1,2,0
16041,1,1,2
16042,1,2,0
16043,1,1,1
16044,1,2,0
16045,1,2,0
16046,1,2,0
16047,1,1,2
16048,1,1,1
16049,1,1,2
16050,1,1,2
16051,1,1,2
16052,1,1,1
16053,1,1,1
16054,1,2,0
16055,1,1,2
16056,1,2,0
16057,1,2,0
16058,1,1,1
16059,1,2,0
16060,1,1,2
16061,1,2,0
16062,1,2,0
16063,1,2,0
16064,1,1,1
16065,1,1,2
16066,1,1,2
16067,1,2,0
16068,1,1,1
16069,1,2,0
16070,1,2,0
16071,1,1,2
16072,1,1,2
16073,1,2,0
16074,1,2,0
16075,1,2,0
16076,1,1,1
16077,1,2,0
16078,1,1,2
16079,1,2,0
16080,1,2,0
16081,1,2,0
16082,1,1,2
16083,1,1,2
16084,1,2,0
16085,1,2,0
16086,1,2,0
16087,1,1,2
16088,1,1,2
16089,1,1,1
16090,1,2,0
16091,1,2,0
16092,1,2,0
16093,1,2,0
16094,1,2,0
16095,1,2,0
16096,1,1,2
16097,1,2,0
16098,1,2,0
16099,1,2,0
16100,1,1,2
16101,1,2,0
16102,1,1,2
16103,1,2,0
16104,1,2,0
16105,1,2,0
16106,1,1,1
16107,1,1,1
16108,1,1,2
16109,1,2,0
16110,1,2,0
16111,1,1,2
16112,1,1,2
16113,1,2,0
17001,1,1,2
17002,1,2,0
17003,1,2,0
17004,1,1,2
17005,1,2,0
17006,1,1,2
17007,1,1,1
17008,1,1,2
17009,1,1,1
17010,1,1,2
17011,1,1,1
17012,1,2,0
17013,1,1,2
17014,1,1,2
17015,1,2,0
17016,1,2,0
17017,1,1,2
17018,1,1,2
17019,1,1,2
17020,1,1,2
17021,1,2,0
17022,1,1,2
17023,1,2,0
17024,1,1,2
17025,1,2,0
17026,1,1,2
17027,1,2,0
17028,1,2,0
17029,1,1,1
17030,1,1,2
17031,1,1,2
17032,1,1,2
17033,1,2,0
17034,1,2,0
17035,1,1,1
17036,1,2,0
18001,1,2,0
18002,1,2,0
18003,1,1,1
18004,1,1,2
18005,1,2,0
18006,1,1,1
18007,1,1,2
18008,1,2,0
18009,1,1,2
18010,1,2,0
18011,1,1,2
18012,1,1,2
18013,1,1,2
18014,1,1,2
18015,1,1,2
18016,1,2,0
18017,1,1,2
18018,1,2,0
18019,1,2,0
18020,1,1,1
19001,1,2,0
19002,1,1,2
19003,1,2,0
19004,1,1,2
19005,1,1,1
19006,1,2,0
19007,1,2,0
19008,1,1,2
19009,1,2,0
19010,1,1,2
19011,1,2,0
19012,1,2,0
19013,1,9,97
19014,1,2,0
19015,1,2,0
19016,1,2,0
19017,1,1,2
19018,1,1,2
19019,1,1,1
19020,1,2,0
19021,1,2,0
19022,1,1,2
19023,1,2,0
19024,1,1,2
19025,1,2,0
19026,1,1,1
19027,1,2,0
19028,1,2,0
19029,1,2,0
19030,1,1,2
19031,1,2,0
19032,1,2,0
19033,1,2,0
19034,1,2,0
19035,1,2,0
19036,1,2,0
19037,1,2,0
19038,1,2,0
19039,1,1,2
19040,1,2,0
19041,1,1,2
19042,1,2,0
19043,1,2,0
19044,1,2,0
19045,1,2,0
19046,1,2,0
19047,1,2,0
19048,1,1,2
19049,1,2,0
19050,1,2,0
19051,1,1,2
20001,1,2,0
20002,1,1,2
20003,1,2,0
20004,1,2,0
20005,1,1,1
20006,1,1,2
20007,1,2,0
20008,1,2,0
20009,1,2,0
20010,1,1,2
20011,1,2,0
20012,1,2,0
20013,1,2,0
20014,1,1,2
20015,1,2,0
20016,1,2,0
20017,1,2,0
20018,1,2,0
20019,1,2,0
20020,1,2,0
20021,1,1,2
20022,1,2,0
20023,1,1,2
20024,1,2,0
20025,1,2,0
20026,1,2,0
20027,1,2,0
20028,1,2,0
20029,1,2,0
20030,1,2,0
20031,1,2,0
20032,1,2,0
20033,1,2,0
20034,1,2,0
20035,1,2,0
20036,1,2,0
20037,1,2,0
20038,1,2,0
20039,1,1,1
20040,1,2,0
20041,1,2,0
20042,1,2,0
20043,1,1,2
20044,1,1,2
20045,1,2,0
20046,1,2,0
20047,1,2,0
20048,1,2,0
20049,1,2,0
20050,1,2,0
20051,1,2,0
20052,1,1,1
20053,1,1,2
20054,1,2,0
20055,1,2,0
20056,1,2,0
20057,1,1,2
20058,1,1,1
20059,1,2,0
20060,1,2,0
20061,1,2,0
20062,1,2,0
20063,1,2,0
20064,1,2,0
20065,1,2,0
20066,1,2,0
20067,1,1,1
20068,1,2,0
20069,1,2,0
20070,1,2,0
20071,1,2,0
20072,1,2,0
20073,1,1,2
20074,1,2,0
20075,1,2,0
20076,1,2,0
20077,1,1,2
20078,1,2,0
20079,1,1,2
20080,1,2,0
20081,1,2,0
20082,1,2,0
20083,1,2,0
20084,1,2,0
20085,1,2,0
20086,1,2,0
20087,1,2,0
20088,1,2,0
20089,1,2,0
20090,1,2,0
20091,1,2,0
20092,1,2,0
20093,1,2,0
20094,1,2,0
20095,1,2,0
20096,1,2,0
20097,1,2,0
20098,1,2,0
20099,1,2,0
20100,1,2,0
20101,1,2,0
20102,1,2,0
20103,1,2,0
20104,1,2,0
20105,1,2,0
20106,1,2,0
20107,1,9,97
20108,1,2,0
20109,1,2,0
20110,1,2,0
20111,1,2,0
20112,1,2,0
20113,1,2,0
20114,1,2,0
20115,1,2,0
20116,1,2,0
20117,1,2,0
20118,1,2,0
20119,1,2,0
20120,1,2,0
20121,1,2,0
20122,1,2,0
20123,1,2,0
20124,1,2,0
20125,1,2,0
20126,1,2,0
20127,1,2,0
20128,1,2,0
20129,1,2,0
20130,1,2,0
20131,1,2,0
20132,1,2,0
20133,1,2,0
20134,1,2,0
20135,1,2,0
20136,1,2,0
20137,1,2,0
20138,1,2,0
20139,1,2,0
20140,1,2,0
20141,1,2,0
20142,1,2,0
20143,1,2,0
20144,1,2,0
20145,1,1,2
20146,1,2,0
20147,1,2,0
20148,1,2,0
20149,1,2,0
20150,1,2,0
20151,1,2,0
20152,1,2,0
20153,1,2,0
20154,1,2,0
20155,1,2,0
20156,1,2,0
20157,1,1,2
20158,1,2,0
20159,1,2,0
20160,1,2,0
20161,1,2,0
20162,1,2,0
20163,1,2,0
20164,1,2,0
20165,1,2,0
20166,1,1,2
20167,1,2,0
20168,1,2,0
20169,1,2,0
20170,1,2,0
20171,1,2,0
20172,1,2,0
20173,1,2,0
20174,1,2,0
20175,1,2,0
20176,1,2,0
20177,1,2,0
20178,1,2,0
20179,1,2,0
20180,1,2,0
20181,1,2,0
20182,1,2,0
20183,1,2,0
20184,1,1,2
20185,1,2,0
20186,1,2,0
20187,1,2,0
20188,1,2,0
20189,1,2,0
20190,1,2,0
20191,1,2,0
20192,1,2,0
20193,1,2,0
20194,1,2,0
20195,1,2,0
20196,1,2,0
20197,1,2,0
20198,1,1,2
20199,1,2,0
20200,1,2,0
20201,1,2,0
20202,1,2,0
20203,1,2,0
20204,1,2,0
20205,1,2,0
20206,1,2,0
20207,1,1,2
20208,1,2,0
20209,1,2,0
20210,1,2,0
20211,1,2,0
20212,1,2,0
20213,1,2,0
20214,1,2,0
20215,1,2,0
20216,1,2,0
20217,1,2,0
20218,1,2,0
20219,1,2,0
20220,1,2,0
20221,1,2,0
20222,1,2,0
20223,1,2,0
20224,1,2,0
20225,1,2,0
20226,1,2,0
20227,1,2,0
20228,1,2,0
20229,1,2,0
20230,1,2,0
20231,1,2,0
20232,1,2,0
20233,1,2,0
20234,1,2,0
20235,1,2,0
20236,1,2,0
20237,1,2,0
20238,1,2,0
20239,1,2,0
20240,1,2,0
20241,1,2,0
20242,1,2,0
20243,1,2,0
20244,1,1,2
20245,1,2,0
20246,1,2,0
20247,1,2,0
20248,1,2,0
20249,1,2,0
20250,1,2,0
20251,1,2,0
20252,1,2,0
20253,1,2,0
20254,1,2,0
20255,1,2,0
20256,1,2,0
20257,1,2,0
20258,1,2,0
20259,1,2,0
20260,1,2,0
20261,1,2,0
20262,1,2,0
20263,1,2,0
20264,1,2,0
20265,1,2,0
20266,1,2,0
20267,1,2,0
20268,1,2,0
20269,1,2,0
20270,1,2,0
20271,1,2,0
20272,1,2,0
20273,1,2,0
20274,1,2,0
20275,1,2,0
20276,1,2,0
20277,1,2,0
20278,1,1,2
20279,1,2,0
20280,1,2,0
20281,1,2,0
20282,1,2,0
20283,1,2,0
20284,1,2,0
20285,1,2,0
20286,1,2,0
20287,1,2,0
20288,1,2,0
20289,1,2,0
20290,1,2,0
20291,1,2,0
20292,1,2,0
20293,1,2,0
20294,1,2,0
20295,1,2,0
20296,1,2,0
20297,1,2,0
20298,1,2,0
20299,1,2,0
20300,1,2,0
20301,1,2,0
20302,1,2,0
20303,1,2,0
20304,1,2,0
20305,1,2,0
20306,1,2,0
20307,1,2,0
20308,1,1,2
20309,1,2,0
20310,1,1,2
20311,1,2,0
20312,1,2,0
20313,1,2,0
20314,1,2,0
20315,1,2,0
20316,1,2,0
20317,1,2,0
20318,1,1,2
20319,1,2,0
20320,1,2,0
20321,1,2,0
20322,1,2,0
20323,1,2,0
20324,1,2,0
20325,1,2,0
20326,1,2,0
20327,1,1,1
20328,1,2,0
20329,1,2,0
20330,1,2,0
20331,1,2,0
20332,1,2,0
20333,1,2,0
20334,1,1,2
20335,1,2,0
20336,1,2,0
20337,1,2,0
20338,1,1,1
20339,1,2,0
20340,1,2,0
20341,1,2,0
20342,1,1,2
20343,1,2,0
20344,1,2,0
20345,1,2,0
20346,1,2,0
20347,1,2,0
20348,1,2,0
20349,1,2,0
20350,1,2,0
20351,1,2,0
20352,1,2,0
20353,1,2,0
20354,1,2,0
20355,1,2,0
20356,1,2,0
20357,1,2,0
20358,1,2,0
20359,1,2,0
20360,1,2,0
20361,1,2,0
20362,1,2,0
20363,1,2,0
20364,1,2,0
20365,1,2,0
20366,1,2,0
20367,1,2,0
20368,1,2,0
20369,1,2,0
20370,1,2,0
20371,1,2,0
20372,1,2,0
20373,1,2,0
20374,1,2,0
20375,1,2,0
20376,1,2,0
20377,1,2,0
20378,1,2,0
20379,1,2,0
20380,1,2,0
20381,1,2,0
20382,1,2,0
20383,1,2,0
20384,1,1,2
20385,1,1,1
20386,1,2,0
20387,1,2,0
20388,1,2,0
20389,1,2,0
20390,1,9,97
20391,1,2,0
20392,1,2,0
20393,1,2,0
20394,1,2,0
20395,1,2,0
20396,1,2,0
20397,1,2,0
20398,1,2,0
20399,1,1,2
20400,1,2,0
20401,1,2,0
20402,1,2,0
20403,1,1,1
20404,1,2,0
20405,1,2,0
20406,1,2,0
20407,1,1,2
20408,1,2,0
20409,1,2,0
20410,1,2,0
20411,1,2,0
20412,1,2,0
20413,1,1,2
20414,1,2,0
20415,1,2,0
20416,1,2,0
20417,1,1,2
20418,1,1,2
20419,1,2,0
20420,1,1,2
20421,1,1,2
20422,1,2,0
20423,1,2,0
20424,1,2,0
20425,1,2,0
20426,1,2,0
20427,1,1,2
20428,1,2,0
20429,1,2,0
20430,1,2,0
20431,1,2,0
20432,1,2,0
20433,1,2,0
20434,1,2,0
20435,1,2,0
20436,1,2,0
20437,1,9,97
20438,1,2,0
20439,1,2,0
20440,1,2,0
20441,1,2,0
20442,1,2,0
20443,1,2,0
20444,1,2,0
20445,1,2,0
20446,1,2,0
20447,1,2,0
20448,1,2,0
20449,1,2,0
20450,1,2,0
20451,1,2,0
20452,1,2,0
20453,1,2,0
20454,1,2,0
20455,1,2,0
20456,1,2,0
20457,1,2,0
20458,1,2,0
20459,1,2,0
20460,1,2,0
20461,1,2,0
20462,1,2,0
20463,1,2,0
20464,1,2,0
20465,1,2,0
20466,1,2,0
20467,1,2,0
20468,1,2,0
20469,1,2,0
20470,1,2,0
20471,1,2,0
20472,1,2,0
20473,1,2,0
20474,1,2,0
20475,1,2,0
20476,1,2,0
20477,1,2,0
20478,1,2,0
20479,1,2,0
20480,1,2,0
20481,1,2,0
20482,1,1,2
20483,1,2,0
20484,1,2,0
20485,1,2,0
20486,1,2,0
20487,1,2,0
20488,1,2,0
20489,1,2,0
20490,1,2,0
20491,1,1,2
20492,1,2,0
20493,1,2,0
20494,1,2,0
20495,1,2,0
20496,1,2,0
20497,1,2,0
20498,1,2,0
20499,1,2,0
20500,1,2,0
20501,1,2,0
20502,1,2,0
20503,1,2,0
20504,1,2,0
20505,1,2,0
20506,1,2,0
20507,1,2,0
20508,1,2,0
20509,1,2,0
20510,1,2,0
20511,1,2,0
20512,1,2,0
20513,1,1,2
20514,1,1,2
20515,1,1,1
20516,1,2,0
20517,1,2,0
20518,1,2,0
20519,1,2,0
20520,1,2,0
20521,1,2,0
20522,1,2,0
20523,1,2,0
20524,1,2,0
20525,1,2,0
20526,1,2,0
20527,1,2,0
20528,1,2,0
20529,1,2,0
20530,1,2,0
20531,1,2,0
20532,1,2,0
20533,1,2,0
20534,1,2,0
20535,1,2,0
20536,1,2,0
20537,1,2,0
20538,1,2,0
20539,1,2,0
20540,1,1,2
20541,1,2,0
20542,1,2,0
20543,1,2,0
20544,1,2,0
20545,1,1,1
20546,1,1,2
20547,1,2,0
20548,1,2,0
20549,1,2,0
20550,1,2,0
20551,1,1,2
20552,1,2,0
20553,1,2,0
20554,1,2,0
20555,1,2,0
20556,1,2,0
20557,1,1,1
20558,1,2,0
20559,1,1,2
20560,1,2,0
20561,1,2,0
20562,1,2,0
20563,1,2,0
20564,1,2,0
20565,1,1,2
20566,1,2,0
20567,1,2,0
20568,1,2,0
20569,1,2,0
20570,1,2,0
21001,1,2,0
21002,1,2,0
21003,1,2,0
21004,1,2,0
21005,1,2,0
21006,1,2,0
21007,1,2,0
21008,1,2,0
21009,1,2,0
21010,1,2,0
21011,1,2,0
21012,1,2,0
21013,1,9,97
21014,1,2,0
21015,1,1,1
21016,1,2,0
21017,1,2,0
21018,1,2,0
21019,1,1,1
21020,1,9,97
21021,1,9,97
21022,1,2,0
21023,1,2,0
21024,1,2,0
21025,1,2,0
21026,1,9,97
21027,1,1,2
21028,1,2,0
21029,1,2,0
21030,1,2,0
21031,1,2,0
21032,1,2,0
21033,1,2,0
21034,1,2,0
21035,1,1,2
21036,1,2,0
21037,1,2,0
21038,1,2,0
21039,1,2,0
21040,1,1,2
21041,1,1,1
21042,1,2,0
21043,1,2,0
21044,1,2,0
21045,1,2,0
21046,1,2,0
21047,1,1,9
21048,1,2,0
21049,1,2,0
21050,1,2,0
21051,1,1,2
21052,1,2,0
21053,1,2,0
21054,1,1,2
21055,1,2,0
21056,1,9,97
21057,1,2,0
21058,1,1,2
21059,1,2,0
21060,1,2,0
21061,1,1,2
21062,1,2,0
21063,1,2,0
21064,1,2,0
21065,1,2,0
21066,1,2,0
21067,1,2,0
21068,1,2,0
21069,1,2,0
21070,1,2,0
21071,1,2,0
21072,1,2,0
21073,1,2,0
21074,1,2,0
21075,1,2,0
21076,1,2,0
21077,1,2,0
21078,1,2,0
21079,1,2,0
21080,1,2,0
21081,1,2,0
21082,1,2,0
21083,1,2,0
21084,1,2,0
21085,1,2,0
21086,1,1,1
21087,1,2,0
21088,1,2,0
21089,1,2,0
21090,1,2,0
21091,1,2,0
21092,1,2,0
21093,1,2,0
21094,1,2,0
21095,1,2,0
21096,1,2,0
21097,1,2,0
21098,1,9,97
21099,1,2,0
21100,1,2,0
21101,1,2,0
21102,1,2,0
21103,1,2,0
21104,1,1,1
21105,1,2,0
21106,1,2,0
21107,1,9,97
21108,1,1,1
21109,1,2,0
21110,1,2,0
21111,1,2,0
21112,1,2,0
21113,1,2,0
21114,1,1,1
21115,1,2,0
21116,1,9,97
21117,1,2,0
21118,1,2,0
21119,1,1,2
21120,1,2,0
21121,1,2,0
21122,1,1,2
21123,1,2,0
21124,1,2,0
21125,1,2,0
21126,1,1,2
21127,1,2,0
21128,1,2,0
21129,1,2,0
21130,1,2,0
21131,1,2,0
21132,1,2,0
21133,1,2,0
21134,1,2,0
21135,1,2,0
21136,1,2,0
21137,1,2,0
21138,1,2,0
21139,1,2,0
21140,1,2,0
21141,1,2,0
21142,1,2,0
21143,1,2,0
21144,1,2,0
21145,1,1,2
21146,1,2,0
21147,1,2,0
21148,1,2,0
21149,1,9,97
21150,1,2,0
21151,1,2,0
21152,1,2,0
21153,1,9,97
21154,1,2,0
21155,1,2,0
21156,1,1,1
21157,1,2,0
21158,1,2,0
21159,1,2,0
21160,1,2,0
21161,1,2,0
21162,1,2,0
21163,1,2,0
21164,1,2,0
21165,1,2,0
21166,1,2,0
21167,1,2,0
21168,1,2,0
21169,1,2,0
21170,1,2,0
21171,1,2,0
21172,1,2,0
21173,1,2,0
21174,1,2,0
21175,1,2,0
21176,1,2,0
21177,1,1,2
21178,1,2,0
21179,1,2,0
21180,1,2,0
21181,1,2,0
21182,1,2,0
21183,1,2,0
21184,1,2,0
21185,1,2,0
21186,1,9,97
21187,1,2,0
21188,1,1,2
21189,1,2,0
21190,1,2,0
21191,1,1,2
21192,1,2,0
21193,1,2,0
21194,1,2,0
21195,1,2,0
21196,1,2,0
21197,1,2,0
21198,1,2,0
21199,1,2,0
21200,1,2,0
21201,1,2,0
21202,1,2,0
21203,1,2,0
21204,1,2,0
21205,1,2,0
21206,1,2,0
21207,1,1,2
21208,1,2,0
21209,1,1,2
21210,1,2,0
21211,1,2,0
21212,1,2,0
21213,1,2,0
21214,1,1,2
21215,1,2,0
21216,1,2,0
21217,1,2,0
22001,1,1,1
22002,1,1,1
22003,1,2,0
22004,1,2,0
22005,1,1,1
22006,1,1,2
22007,1,2,0
22008,1,1,2
22009,1,1,1
22010,1,2,0
22011,1,2,0
22012,1,1,1
22013,1,1,2
22014,1,1,1
22015,1,2,0
22016,1,2,0
22017,1,1,2
22018,1,1,1
23001,1,1,2
23002,1,2,0
23003,1,1,2
23004,1,1,1
23005,1,1,2
23006,1,1,2
23007,1,2,0
23008,1,1,2
23009,1,1,2
23010,1,2,0
23011,1,2,0
24001,1,2,0
24002,1,2,0
24003,1,2,0
24004,1,2,0
24005,1,1,2
24006,1,2,0
24007,1,1,2
24008,1,1,1
24009,1,2,0
24010,1,2,0
24011,1,1,2
24012,1,2,0
24013,1,1,1
24014,1,2,0
24015,1,2,0
24016,1,1,1
24017,1,2,0
24018,1,2,0
24019,1,2,0
24020,1,1,1
24021,1,2,0
24022,1,2,0
24023,1,1,2
24024,1,1,1
24025,1,1,2
24026,1,2,0
24027,1,2,0
24028,1,1,1
24029,1,1,2
24030,1,2,0
24031,1,1,2
24032,1,2,0
24033,1,2,0
24034,1,2,0
24035,1,1,1
24036,1,1,2
24037,1,1,2
24038,1,1,1
24039,1,1,2
24040,1,1,1
24041,1,2,0
24042,1,2,0
24043,1,2,0
24044,1,1,2
24045,1,2,0
24046,1,2,0
24047,1,2,0
24048,1,1,2
24049,1,2,0
24050,1,2,0
24051,1,2,0
24052,1,2,0
24053,1,1,1
24054,1,2,0
24055,1,1,2
24056,1,2,0
24057,1,2,0
24058,1,1,2
25001,1,1,1
25002,1,1,1
25003,1,1,1
25004,1,2,0
25005,1,1,2
25006,1,1,1
25007,1,1,9
25008,1,1,1
25009,1,1,1
25010,1,1,2
25011,1,1,1
25012,1,1,1
25013,1,2,0
25014,1,1,1
25015,1,1,1
25016,1,2,0
25017,1,1,2
25018,1,1,1
26001,1,2,0
26002,1,1,2
26003,1,2,0
26004,1,2,0
26005,1,2,0
26006,1,2,0
26007,1,2,0
26008,1,2,0
26009,1,2,0
26010,1,2,0
26011,1,2,0
26012,1,2,0
26013,1,2,0
26014,1,2,0
26015,1,2,0
26016,1,1,2
26017,1,2,0
26018,1,1,2
26019,1,2,0
26020,1,2,0
26021,1,1,2
26022,1,2,0
26023,1,2,0
26024,1,2,0
26025,1,2,0
26026,1,2,0
26027,1,2,0
26028,1,2,0
26029,1,1,1
26030,1,1,2
26031,1,2,0
26032,1,2,0
26033,1,1,2
26034,1,1,9
26035,1,2,0
26036,1,1,1
26037,1,2,0
26038,1,9,97
26039,1,1,2
26040,1,2,0
26041,1,1,9
26042,1,1,2
26043,1,1,2
26044,1,2,0
26045,1,2,0
26046,1,2,0
26047,1,2,0
26048,1,2,0
26049,1,2,0
26050,1,1,2
26051,1,2,0
26052,1,2,0
26053,1,2,0
26054,1,1,1
26055,1,2,0
26056,1,2,0
26057,1,2,0
26058,1,2,0
26059,1,2,0
26060,1,2,0
26061,1,2,0
26062,1,2,0
26063,1,2,0
26064,1,2,0
26065,1,2,0
26066,1,2,0
26067,1,2,0
26068,1,2,0
26069,1,2,0
26070,1,1,1
26071,1,2,0
26072,1,2,0
27001,1,2,0
27002,1,1,2
27003,1,2,0
27004,1,2,0
27005,1,1,2
27006,1,1,2
27007,1,1,2
27008,1,1,2
27009,1,2,0
27010,1,1,2
27011,1,1,2
27012,1,2,0
27013,1,1,9
27014,1,2,0
27015,1,1,2
27016,1,2,0
27017,1,1,2
28001,1,2,0
28002,1,1,2
28003,1,1,1
28004,1,2,0
28005,1,2,0
28006,1,2,0
28007,1,1,1
28008,1,2,0
28009,1,1,1
28010,1,2,0
28011,1,2,0
28012,1,2,0
28013,1,2,0
28014,1,2,0
28015,1,1,2
28016,1,2,0
28017,1,1,1
28018,1,2,0
28019,1,2,0
28020,1,2,0
28021,1,1,1
28022,1,1,2
28023,1,2,0
28024,1,2,0
28025,1,2,0
28026,1,2,0
28027,1,1,1
28028,1,2,0
28029,1,2,0
28030,1,2,0
28031,1,2,0
28032,1,1,1
28033,1,9,97
28034,1,2,0
28035,1,1,1
28036,1,2,0
28037,1,1,2
28038,1,2,0
28039,1,1,2
28040,1,1,1
28041,1,1,1
28042,1,1,2
28043,1,1,2
29001,1,2,0
29002,1,2,0
29003,1,1,2
29004,1,2,0
29005,1,2,0
29006,1,1,2
29007,1,1,2
29008,1,2,0
29009,1,2,0
29010,1,1,1
29011,1,2,0
29012,1,2,0
29013,1,2,0
29014,1,2,0
29015,1,1,2
29016,1,2,0
29017,1,2,0
29018,1,1,2
29019,1,2,0
29020,1,2,0
29021,1,1,2
29022,1,2,0
29023,1,1,2
29024,1,2,0
29025,1,1,2
29026,1,2,0
29027,1,2,0
29028,1,1,2
29029,1,2,0
29030,1,1,2
29031,1,2,0
29032,1,2,0
29033,1,1,2
29034,1,2,0
29035,1,2,0
29036,1,1,2
29037,1,2,0
29038,1,2,0
29039,1,2,0
29040,1,2,0
29041,1,1,1
29042,1,1,1
29043,1,2,0
29044,1,2,0
29045,1,2,0
29046,1,2,0
29047,1,2,0
29048,1,98,98
29049,1,2,0
29050,1,1,2
29051,1,2,0
29052,1,2,0
29053,1,1,2
29054,1,2,0
29055,1,1,2
29056,1,2,0
29057,1,2,0
29058,1,2,0
29059,1,2,0
29060,1,2,0
30001,1,2,0
30002,1,2,0
30003,1,1,2
30004,1,2,0
30005,1,2,0
30006,1,2,0
30007,1,2,0
30008,1,1,2
30009,1,1,2
30010,1,1,2
30011,1,2,0
30012,1,1,2
30013,1,1,2
30014,1,1,2
30015,1,1,1
30016,1,1,1
30017,1,2,0
30018,1,2,0
30019,1,1,2
30020,1,2,0
30021,1,2,0
30022,1,2,0
30023,1,1,2
30024,1,2,0
30025,1,2,0
30026,1,1,2
30027,1,1,2
30028,1,1,1
30029,1,1,2
30030,1,1,2
30031,1,2,0
30032,1,2,0
30033,1,1,2
30034,1,1,1
30035,1,2,0
30036,1,2,0
30037,1,2,0
30038,1,1,2
30039,1,1,1
30040,1,1,1
30041,1,1,2
30042,1,1,2
30043,1,2,0
30044,1,1,2
30045,1,1,2
30046,1,1,2
30047,1,1,1
30048,1,1,2
30049,1,1,2
30050,1,1,1
30051,1,2,0
30052,1,2,0
30053,1,1,2
30054,1,1,2
30055,1,1,2
30056,1,2,0
30057,1,2,0
30058,1,1,2
30059,1,1,2
30060,1,1,2
30061,1,1,1
30062,1,1,2
30063,1,2,0
30064,1,2,0
30065,1,1,2
30066,1,1,2
30067,1,2,0
30068,1,1,1
30069,1,1,2
30070,1,1,2
30071,1,1,2
30072,1,1,2
30073,1,1,2
30074,1,1,2
30075,1,1,2
30076,1,1,1
30077,1,1,2
30078,1,1,2
30079,1,2,0
30080,1,1,1
30081,1,2,0
30082,1,1,1
30083,1,2,0
30084,1,2,0
30085,1,1,2
30086,1,1,2
30087,1,1,1
30088,1,2,0
30089,1,1,2
30090,1,1,2
30091,1,2,0
30092,1,1,2
30093,1,1,1
30094,1,1,2
30095,1,2,0
30096,1,2,0
30097,1,2,0
30098,1,1,1
30099,1,1,2
30100,1,1,2
30101,1,1,1
30102,1,2,0
30103,1,2,0
30104,1,2,0
30105,1,1,2
30106,1,2,0
30107,1,2,0
30108,1,1,2
30109,1,1,1
30110,1,1,2
30111,1,2,0
30112,1,1,2
30113,1,2,0
30114,1,1,2
30115,1,1,2
30116,1,1,2
30117,1,1,2
30118,1,2,0
30119,1,2,0
30120,1,1,2
30121,1,1,2
30122,1,1,2
30123,1,1,1
30124,1,1,2
30125,1,1,2
30126,1,1,2
30127,1,2,0
30128,1,1,2
30129,1,1,2
30130,1,1,2
30131,1,1,1
30132,1,1,2
30133,1,1,1
30134,1,1,2
30135,1,1,2
30136,1,1,1
30137,1,1,2
30138,1,2,0
30139,1,1,2
30140,1,2,0
30141,1,1,1
30142,1,2,0
30143,1,1,2
30144,1,1,2
30145,1,1,1
30146,1,2,0
30147,1,2,0
30148,1,2,0
30149,1,2,0
30150,1,2,0
30151,1,1,2
30152,1,2,0
30153,1,2,0
30154,1,2,0
30155,1,2,0
30156,1,2,0
30157,1,2,0
30158,1,1,2
30159,1,2,0
30160,1,1,1
30161,1,2,0
30162,1,2,0
30163,1,2,0
30164,1,1,1
30165,1,2,0
30166,1,1,2
30167,1,1,2
30168,1,2,0
30169,1,1,1
30170,1,2,0
30171,1,1,1
30172,1,1,2
30173,1,1,2
30174,1,1,2
30175,1,1,2
30176,1,2,0
30177,1,2,0
30178,1,2,0
30179,1,2,0
30180,1,1,2
30181,1,1,2
30182,1,1,2
30183,1,1,2
30184,1,2,0
30185,1,2,0
30186,1,2,0
30187,1,2,0
30188,1,2,0
30189,1,1,2
30190,1,2,0
30191,1,1,2
30192,1,1,2
30193,1,1,1
30194,1,2,0
30195,1,2,0
30196,1,1,2
30197,1,2,0
30198,1,1,1
30199,1,2,0
30200,1,2,0
30201,1,1,1
30202,1,2,0
30203,1,2,0
30204,1,1,2
30205,1,2,0
30206,1,1,2
30207,1,1,1
30208,1,2,0
30209,1,1,2
30210,1,1,1
30211,1,2,0
30212,1,2,0
31001,1,2,0
31002,1,2,0
31003,1,2,0
31004,1,2,0
31005,1,2,0
31006,1,2,0
31007,1,2,0
31008,1,2,0
31009,1,2,0
31010,1,2,0
31011,1,1,2
31012,1,1,2
31013,1,2,0
31014,1,2,0
31015,1,2,0
31016,1,2,0
31017,1,2,0
31018,1,2,0
31019,1,2,0
31020,1,2,0
31021,1,2,0
31022,1,2,0
31023,1,1,2
31024,1,1,2
31025,1,2,0
31026,1,2,0
31027,1,2,0
31028,1,2,0
31029,1,2,0
31030,1,2,0
31031,1,2,0
31032,1,2,0
31033,1,2,0
31034,1,2,0
31035,1,1,2
31036,1,2,0
31037,1,2,0
31038,1,2,0
31039,1,2,0
31040,1,2,0
31041,1,1,2
31042,1,2,0
31043,1,2,0
31044,1,2,0
31045,1,2,0
31046,1,2,0
31047,1,2,0
31048,1,9,97
31049,1,2,0
31050,1,1,2
31051,1,2,0
31052,1,1,2
31053,1,2,0
31054,1,2,0
31055,1,1,2
31056,1,2,0
31057,1,2,0
31058,1,2,0
31059,1,1,2
31060,1,2,0
31061,1,2,0
31062,1,2,0
31063,1,1,2
31064,1,1,2
31065,1,2,0
31066,1,2,0
31067,1,1,2
31068,1,2,0
31069,1,2,0
31070,1,2,0
31071,1,2,0
31072,1,2,0
31073,1,2,0
31074,1,2,0
31075,1,1,2
31076,1,2,0
31077,1,2,0
31078,1,2,0
31079,1,1,2
31080,1,2,0
31081,1,2,0
31082,1,2,0
31083,1,2,0
31084,1,2,0
31085,1,2,0
31086,1,2,0
31087,1,2,0
31088,1,2,0
31089,1,1,2
31090,1,2,0
31091,1,2,0
31092,1,2,0
31093,1,2,0
31094,1,2,0
31095,1,2,0
31096,1,1,2
31097,1,2,0
31098,1,2,0
31099,1,2,0
31100,1,2,0
31101,1,1,2
31102,1,2,0
31103,1,2,0
31104,1,2,0
31105,1,1,2
31106,1,2,0
32001,1,2,0
32002,1,2,0
32003,1,2,0
32004,1,2,0
32005,1,1,1
32006,1,2,0
32007,1,2,0
32008,1,2,0
32009,1,2,0
32010,1,1,2
32011,1,2,0
32012,1,2,0
32013,1,2,0
32014,1,2,0
32015,1,2,0
32016,1,2,0
32017,1,1,1
32018,1,2,0
32019,1,1,1
32020,1,1,1
32021,1,2,0
32022,1,2,0
32023,1,1,1
32024,1,2,0
32025,1,1,2
32026,1,9,97
32027,1,2,0
32028,1,2,0
32029,1,1,1
32030,1,2,0
32031,1,2,0
32032,1,2,0
32033,1,2,0
32034,1,2,0
32035,1,2,0
32036,1,1,1
32037,1,2,0
32038,1,1,2
32039,1,1,1
32040,1,2,0
32041,1,2,0
32042,1,2,0
32043,1,2,0
32044,1,2,0
32045,1,1,2
32046,1,2,0
32047,1,1,9
32048,1,1,9
32049,1,1,1
32050,1,2,0
32051,1,2,0
32052,1,2,0
32053,1,2,0
32054,1,9,97
32055,1,2,0
32056,1,1,1
32057,1,1,2
32058,1,2,0
